,title,description
0,water cannon barracuda siaga usai ricuh demo gedung kpk,demonstrasi pro revisi uu kpk jumat akhir ricuh kendara taktis jenis barracuda water cannon siaga hari depan gedung kpk
1,eks pimpin kpk jasin kritik sikap jokowi balik lemah kpk,mantan wakil ketua kpk jasin kritik rencana revisi uu kpk hingga pimpin kpk baru pilih kritik sikap presiden jokowi
2,tolak revisi uu kpk alissa wahid kpk lemah negara jarah,putri gusdur alissa wahid kritik revisi uu kpk revisi uu tahun nilai bentuk jarah hadap negara
3,tolak revisi uu kpk alissa wahid kpk lemah negara jarah,putri gusdur alissa wahid kritik revisi uu kpk revisi uu tahun nilai bentuk jarah hadap negara
4,hadir bekal caleg pilih golkar airlangga tak bahas munas,kalau munas sesuai schedule iya desember airlangga
5,usaha ketua kpk pilih jangan bikin dunia usaha khawatir,usaha harap ketua kpk pilih firli bahuri depan tidak buat dunia usaha khawtir
6,pimpin kpk serah mandat jokowi istana belum respons,ketua kpk kelola kpk presiden jokowi pihak istana sebut belum dapat beri respon kait sebut
7,punya jiwa antikorupsi jokowi minta temu pimpin kpk,ketua kpk agus rahardjo serah tanggung jawab kelola kpk presiden jokowi sikap sebut nilai bentuk kecewa hadap jokowi
8,balik kontroversi indonesia pilih pegawai polis ketua badan antirasuah,pegawai kanan polis inspektor jeneral firli bahuri dapat undi banyak tuai komisi berantas korupsi kpk
9,daftar harta komisioner kpk pilih lho kaya,lima komisioner kpk pilih periode lapor harta kaya lantas kaya
10,fals amin soal jokowi tak biar kpk lemah,bahas kena revisi uu kpk bincang belakang jumlah artis komentar kena bahas sebut masuk fals
11,jokowi desak satu guru besar tolak revisi uu kpk istana,pergubi desak presiden jokowi tolak revisi uu kpk istana jokowi tuju bahas revisi sebut tidak tarik
12,tanpa pimpin kpk tugas tugas antikorupsi tak eksekusi,tiga pimpin kpk mandat presiden joko widodo jokowi kondisi tanpa pimpin tugas tugas kpk tak eksekusi
13,simbol protes wp kpk lucut,tutup logo kpk dapat reaksi agam masyarakat pihak pihak laku protes hingga lucut kain hitam tutup logo kpk
14,jalan liku kpk sadap,bila revisi gol dpr kpk tempuh jalan liku sadap bicara orang laku berantas korupsi jokowi tuju
15,pukat ugm kalau janji kuat kpk jokowi tolak revisi uu,pimpin kpk serah tanggung jawab kelola kpk presiden jokowi tindak nilai bentuk kecewa jokowi tidak responsif
16,capim kontroversial tak anulir revisi uu kpk gulir,lepas malam salah satu ruang rapat kompleks parlemen riuh rupa komisi dpr pimpin kpk baru labuh
17,kait demo ricuh kpk tak massa aman polisi,demo kpk ujung ricuh massa sempat lempari gedung kpk pakai batu kayu bakar karang bunga tak tangkap
18,tanggap pidato jokowi icw kpk jalan siput,icw tanggap pidato presiden jokowi soal revisi undang undang kpk icw nilai tidak kuat kpk nyata jokowi
19,jokowi tak pernah ajak bicara kpk soal revisi uu,ketua kpk agus rahardjo prihatin pihak tidak pernah ajak bicara soal revisi uu kpk jokowi tak pernah ajak kpk bicara revisi uu kpk
